-- phpMyAdmin SQL Dump
-- version 5.2.1
-- https://www.phpmyadmin.net/
--
-- Host: 127.0.0.1
-- Generation Time: Jan 04, 2025 at 11:56 PM
-- Server version: 10.4.32-MariaDB
-- PHP Version: 8.0.30

SET SQL_MODE = "NO_AUTO_VALUE_ON_ZERO";
START TRANSACTION;
SET time_zone = "+00:00";


/*!40101 SET @OLD_CHARACTER_SET_CLIENT=@@CHARACTER_SET_CLIENT */;
/*!40101 SET @OLD_CHARACTER_SET_RESULTS=@@CHARACTER_SET_RESULTS */;
/*!40101 SET @OLD_COLLATION_CONNECTION=@@COLLATION_CONNECTION */;
/*!40101 SET NAMES utf8mb4 */;

--
-- Database: `ticket_booking`
--

-- --------------------------------------------------------

--
-- Table structure for table `book`
--

CREATE TABLE `book` (
  `booking_id` int(11) NOT NULL,
  `username` varchar(50) DEFAULT NULL,
  `coach_id` int(11) DEFAULT NULL,
  `seat_id` varchar(5) DEFAULT NULL,
  `journey_date` date DEFAULT NULL
) ENGINE=InnoDB DEFAULT CHARSET=utf8mb4 COLLATE=utf8mb4_general_ci;

--
-- Dumping data for table `book`
--

INSERT INTO `book` (`booking_id`, `username`, `coach_id`, `seat_id`, `journey_date`) VALUES
(677079910, 'Shuvro', 902, 'A1', '2025-01-04');

-- --------------------------------------------------------

--
-- Table structure for table `bus`
--

CREATE TABLE `bus` (
  `coach_id` int(11) NOT NULL,
  `route_id` int(11) NOT NULL,
  `bus_type` enum('AC','Non AC') NOT NULL,
  `departure_time` varchar(10) NOT NULL,
  `total_seats` int(11) NOT NULL
) ENGINE=InnoDB DEFAULT CHARSET=utf8mb4 COLLATE=utf8mb4_general_ci;

--
-- Dumping data for table `bus`
--

INSERT INTO `bus` (`coach_id`, `route_id`, `bus_type`, `departure_time`, `total_seats`) VALUES
(100, 2, 'Non AC', '06:00 AM', 36),
(101, 2, 'Non AC', '08:00 AM', 36),
(102, 2, 'Non AC', '09:00 AM', 36),
(103, 2, 'Non AC', '10:00 AM', 28),
(104, 2, 'Non AC', '11:00 AM', 36),
(105, 2, 'Non AC', '12:30 PM', 28),
(106, 2, 'Non AC', '03:00 PM', 36),
(107, 2, 'Non AC', '04:00 PM', 28),
(108, 2, 'Non AC', '05:00 PM', 36),
(109, 2, 'Non AC', '11:00 PM', 28),
(201, 3, 'Non AC', '08:00 AM', 36),
(202, 3, 'Non AC', '09:00 AM', 36),
(203, 3, 'Non AC', '10:00 AM', 28),
(204, 3, 'Non AC', '11:00 AM', 36),
(205, 3, 'Non AC', '12:30 PM', 28),
(206, 3, 'Non AC', '03:00 PM', 36),
(207, 3, 'Non AC', '04:00 PM', 28),
(208, 3, 'Non AC', '05:00 PM', 36),
(209, 3, 'Non AC', '11:00 PM', 28),
(301, 4, 'Non AC', '08:00 AM', 36),
(302, 4, 'Non AC', '09:00 AM', 36),
(303, 4, 'Non AC', '10:00 AM', 28),
(304, 4, 'Non AC', '11:00 AM', 36),
(305, 4, 'Non AC', '12:30 PM', 28),
(306, 4, 'Non AC', '03:00 PM', 36),
(307, 4, 'Non AC', '04:00 PM', 28),
(308, 4, 'Non AC', '05:00 PM', 36),
(309, 4, 'Non AC', '11:00 PM', 28),
(401, 100, 'Non AC', '08:00 AM', 36),
(402, 100, 'Non AC', '09:00 AM', 36),
(403, 100, 'AC', '10:00 AM', 28),
(404, 100, 'Non AC', '11:00 AM', 36),
(405, 100, 'AC', '12:30 PM', 28),
(406, 100, 'Non AC', '03:00 PM', 36),
(407, 100, 'AC', '04:00 PM', 28),
(408, 100, 'Non AC', '05:00 PM', 36),
(409, 100, 'AC', '11:00 PM', 28),
(501, 200, 'Non AC', '08:00 AM', 36),
(502, 200, 'Non AC', '09:00 AM', 36),
(503, 200, 'Non AC', '10:00 AM', 28),
(504, 200, 'Non AC', '11:00 AM', 36),
(505, 200, 'Non AC', '12:30 PM', 28),
(506, 200, 'Non AC', '03:00 PM', 36),
(507, 200, 'Non AC', '04:00 PM', 28),
(508, 200, 'Non AC', '05:00 PM', 36),
(509, 200, 'Non AC', '11:00 PM', 28),
(601, 300, 'Non AC', '08:00 AM', 36),
(602, 300, 'Non AC', '09:00 AM', 36),
(603, 300, 'Non AC', '10:00 AM', 28),
(604, 300, 'Non AC', '11:00 AM', 36),
(605, 300, 'Non AC', '12:30 PM', 28),
(606, 300, 'Non AC', '03:00 PM', 36),
(607, 300, 'Non AC', '04:00 PM', 28),
(608, 300, 'Non AC', '05:00 PM', 36),
(609, 300, 'Non AC', '11:00 PM', 28),
(701, 400, 'Non AC', '08:00 AM', 36),
(702, 400, 'Non AC', '09:00 AM', 36),
(703, 400, 'Non AC', '10:00 AM', 28),
(704, 400, 'Non AC', '11:00 AM', 36),
(705, 400, 'Non AC', '12:30 PM', 28),
(706, 400, 'Non AC', '03:00 PM', 36),
(707, 400, 'Non AC', '04:00 PM', 28),
(708, 400, 'Non AC', '05:00 PM', 36),
(709, 400, 'Non AC', '11:00 PM', 28),
(901, 1, 'Non AC', '09:00 AM', 36),
(902, 1, 'AC', '10:00 AM', 28),
(903, 1, 'Non AC', '11:00 AM', 36),
(904, 1, 'AC', '12:30 PM', 28),
(905, 1, 'Non AC', '03:00 PM', 36),
(906, 1, 'AC', '04:00 PM', 28),
(907, 1, 'Non AC', '05:00 PM', 36),
(908, 1, 'AC', '11:00 PM', 28),
(909, 1, 'Non AC', '11:50 PM', 36),
(910, 1, 'Non AC', '11:55 pm', 36);

-- --------------------------------------------------------

--
-- Table structure for table `routes`
--

CREATE TABLE `routes` (
  `route_id` int(11) NOT NULL,
  `leaving_from` varchar(50) NOT NULL,
  `destination` varchar(50) NOT NULL,
  `fare` decimal(10,2) NOT NULL
) ENGINE=InnoDB DEFAULT CHARSET=utf8mb4 COLLATE=utf8mb4_general_ci;

--
-- Dumping data for table `routes`
--

INSERT INTO `routes` (`route_id`, `leaving_from`, `destination`, `fare`) VALUES
(1, 'dhaka', 'sylhet', 570.00),
(2, 'dhaka', 'chittagong', 650.00),
(3, 'dhaka', 'rajshahi', 570.00),
(4, 'dhaka', 'khulna', 530.00),
(100, 'sylhet', 'dhaka', 570.00),
(200, 'chittagong', 'dhaka', 650.00),
(300, 'rajshahi', 'dhaka', 570.00),
(400, 'khulna', 'dhaka', 530.00);

-- --------------------------------------------------------

--
-- Table structure for table `seats`
--

CREATE TABLE `seats` (
  `coach_id` int(11) NOT NULL,
  `seat_id` varchar(5) NOT NULL,
  `seat_status` varchar(10) DEFAULT 'available'
) ENGINE=InnoDB DEFAULT CHARSET=utf8mb4 COLLATE=utf8mb4_general_ci;

--
-- Dumping data for table `seats`
--

INSERT INTO `seats` (`coach_id`, `seat_id`, `seat_status`) VALUES
(100, 'A1', 'available'),
(100, 'A2', 'available'),
(100, 'A3', 'available'),
(100, 'A4', 'available'),
(100, 'B1', 'available'),
(100, 'B2', 'available'),
(100, 'B3', 'available'),
(100, 'B4', 'available'),
(100, 'C1', 'available'),
(100, 'C2', 'available'),
(100, 'C3', 'available'),
(100, 'C4', 'available'),
(100, 'D1', 'available'),
(100, 'D2', 'available'),
(100, 'D3', 'available'),
(100, 'D4', 'available'),
(100, 'E1', 'available'),
(100, 'E2', 'available'),
(100, 'E3', 'available'),
(100, 'E4', 'available'),
(100, 'F1', 'available'),
(100, 'F2', 'available'),
(100, 'F3', 'available'),
(100, 'F4', 'available'),
(100, 'G1', 'available'),
(100, 'G2', 'available'),
(100, 'G3', 'available'),
(100, 'G4', 'available'),
(100, 'H1', 'available'),
(100, 'H2', 'available'),
(100, 'H3', 'available'),
(100, 'H4', 'available'),
(100, 'I1', 'available'),
(100, 'I2', 'available'),
(100, 'I3', 'available'),
(100, 'I4', 'available'),
(401, 'A1', 'available'),
(401, 'A2', 'booked'),
(401, 'A3', 'available'),
(401, 'A4', 'available'),
(401, 'B1', 'available'),
(401, 'B2', 'available'),
(401, 'B3', 'available'),
(401, 'B4', 'available'),
(401, 'C1', 'available'),
(401, 'C2', 'available'),
(401, 'C3', 'available'),
(401, 'C4', 'available'),
(401, 'D1', 'available'),
(401, 'D2', 'available'),
(401, 'D3', 'available'),
(401, 'D4', 'available'),
(401, 'E1', 'available'),
(401, 'E2', 'available'),
(401, 'E3', 'available'),
(401, 'E4', 'available'),
(401, 'F1', 'available'),
(401, 'F2', 'available'),
(401, 'F3', 'available'),
(401, 'F4', 'available'),
(401, 'G1', 'available'),
(401, 'G2', 'available'),
(401, 'G3', 'available'),
(401, 'G4', 'available'),
(401, 'H1', 'available'),
(401, 'H2', 'available'),
(401, 'H3', 'available'),
(401, 'H4', 'available'),
(401, 'I1', 'available'),
(401, 'I2', 'available'),
(401, 'I3', 'available'),
(401, 'I4', 'available'),
(402, 'A1', 'available'),
(402, 'A2', 'available'),
(402, 'A3', 'available'),
(402, 'A4', 'available'),
(402, 'B1', 'available'),
(402, 'B2', 'available'),
(402, 'B3', 'available'),
(402, 'B4', 'available'),
(402, 'C1', 'available'),
(402, 'C2', 'available'),
(402, 'C3', 'available'),
(402, 'C4', 'available'),
(402, 'D1', 'available'),
(402, 'D2', 'available'),
(402, 'D3', 'available'),
(402, 'D4', 'available'),
(402, 'E1', 'available'),
(402, 'E2', 'available'),
(402, 'E3', 'available'),
(402, 'E4', 'available'),
(402, 'F1', 'available'),
(402, 'F2', 'available'),
(402, 'F3', 'available'),
(402, 'F4', 'available'),
(402, 'G1', 'available'),
(402, 'G2', 'available'),
(402, 'G3', 'available'),
(402, 'G4', 'available'),
(402, 'H1', 'available'),
(402, 'H2', 'available'),
(402, 'H3', 'available'),
(402, 'H4', 'available'),
(402, 'I1', 'available'),
(402, 'I2', 'available'),
(402, 'I3', 'available'),
(402, 'I4', 'available'),
(403, 'A1', 'available'),
(403, 'A2', 'available'),
(403, 'A3', 'available'),
(403, 'B1', 'available'),
(403, 'B2', 'available'),
(403, 'B3', 'available'),
(403, 'C1', 'available'),
(403, 'C2', 'available'),
(403, 'C3', 'available'),
(403, 'D1', 'available'),
(403, 'D2', 'available'),
(403, 'D3', 'available'),
(403, 'E1', 'available'),
(403, 'E2', 'available'),
(403, 'E3', 'available'),
(403, 'F1', 'available'),
(403, 'F2', 'available'),
(403, 'F3', 'available'),
(403, 'G1', 'available'),
(403, 'G2', 'available'),
(403, 'G3', 'available'),
(403, 'H1', 'available'),
(403, 'H2', 'available'),
(403, 'H3', 'available'),
(403, 'I1', 'available'),
(403, 'I2', 'available'),
(403, 'I3', 'available'),
(403, 'I4', 'available'),
(404, 'A1', 'available'),
(404, 'A2', 'available'),
(404, 'A3', 'available'),
(404, 'A4', 'available'),
(404, 'B1', 'available'),
(404, 'B2', 'available'),
(404, 'B3', 'available'),
(404, 'B4', 'available'),
(404, 'C1', 'available'),
(404, 'C2', 'available'),
(404, 'C3', 'available'),
(404, 'C4', 'available'),
(404, 'D1', 'available'),
(404, 'D2', 'available'),
(404, 'D3', 'available'),
(404, 'D4', 'available'),
(404, 'E1', 'available'),
(404, 'E2', 'available'),
(404, 'E3', 'available'),
(404, 'E4', 'available'),
(404, 'F1', 'available'),
(404, 'F2', 'available'),
(404, 'F3', 'available'),
(404, 'F4', 'available'),
(404, 'G1', 'available'),
(404, 'G2', 'available'),
(404, 'G3', 'available'),
(404, 'G4', 'available'),
(404, 'H1', 'available'),
(404, 'H2', 'available'),
(404, 'H3', 'available'),
(404, 'H4', 'available'),
(404, 'I1', 'available'),
(404, 'I2', 'available'),
(404, 'I3', 'available'),
(404, 'I4', 'available'),
(405, 'A1', 'available'),
(405, 'A2', 'available'),
(405, 'A3', 'available'),
(405, 'B1', 'available'),
(405, 'B2', 'available'),
(405, 'B3', 'available'),
(405, 'C1', 'available'),
(405, 'C2', 'available'),
(405, 'C3', 'available'),
(405, 'D1', 'available'),
(405, 'D2', 'available'),
(405, 'D3', 'available'),
(405, 'E1', 'available'),
(405, 'E2', 'available'),
(405, 'E3', 'available'),
(405, 'F1', 'available'),
(405, 'F2', 'available'),
(405, 'F3', 'available'),
(405, 'G1', 'available'),
(405, 'G2', 'available'),
(405, 'G3', 'available'),
(405, 'H1', 'available'),
(405, 'H2', 'available'),
(405, 'H3', 'available'),
(405, 'I1', 'available'),
(405, 'I2', 'available'),
(405, 'I3', 'available'),
(405, 'I4', 'available'),
(406, 'A1', 'available'),
(406, 'A2', 'available'),
(406, 'A3', 'available'),
(406, 'A4', 'available'),
(406, 'B1', 'available'),
(406, 'B2', 'available'),
(406, 'B3', 'available'),
(406, 'B4', 'available'),
(406, 'C1', 'available'),
(406, 'C2', 'available'),
(406, 'C3', 'available'),
(406, 'C4', 'available'),
(406, 'D1', 'available'),
(406, 'D2', 'available'),
(406, 'D3', 'available'),
(406, 'D4', 'available'),
(406, 'E1', 'available'),
(406, 'E2', 'available'),
(406, 'E3', 'available'),
(406, 'E4', 'available'),
(406, 'F1', 'available'),
(406, 'F2', 'available'),
(406, 'F3', 'available'),
(406, 'F4', 'available'),
(406, 'G1', 'available'),
(406, 'G2', 'available'),
(406, 'G3', 'available'),
(406, 'G4', 'available'),
(406, 'H1', 'available'),
(406, 'H2', 'available'),
(406, 'H3', 'available'),
(406, 'H4', 'available'),
(406, 'I1', 'available'),
(406, 'I2', 'available'),
(406, 'I3', 'available'),
(406, 'I4', 'available'),
(407, 'A1', 'available'),
(407, 'A2', 'available'),
(407, 'A3', 'available'),
(407, 'B1', 'available'),
(407, 'B2', 'available'),
(407, 'B3', 'available'),
(407, 'C1', 'available'),
(407, 'C2', 'available'),
(407, 'C3', 'available'),
(407, 'D1', 'available'),
(407, 'D2', 'available'),
(407, 'D3', 'available'),
(407, 'E1', 'available'),
(407, 'E2', 'available'),
(407, 'E3', 'available'),
(407, 'F1', 'available'),
(407, 'F2', 'available'),
(407, 'F3', 'available'),
(407, 'G1', 'available'),
(407, 'G2', 'available'),
(407, 'G3', 'available'),
(407, 'H1', 'available'),
(407, 'H2', 'available'),
(407, 'H3', 'available'),
(407, 'I1', 'available'),
(407, 'I2', 'available'),
(407, 'I3', 'available'),
(407, 'I4', 'available'),
(408, 'A1', 'available'),
(408, 'A2', 'available'),
(408, 'A3', 'available'),
(408, 'A4', 'available'),
(408, 'B1', 'available'),
(408, 'B2', 'available'),
(408, 'B3', 'available'),
(408, 'B4', 'available'),
(408, 'C1', 'available'),
(408, 'C2', 'available'),
(408, 'C3', 'available'),
(408, 'C4', 'available'),
(408, 'D1', 'available'),
(408, 'D2', 'available'),
(408, 'D3', 'available'),
(408, 'D4', 'available'),
(408, 'E1', 'available'),
(408, 'E2', 'available'),
(408, 'E3', 'available'),
(408, 'E4', 'available'),
(408, 'F1', 'available'),
(408, 'F2', 'available'),
(408, 'F3', 'available'),
(408, 'F4', 'available'),
(408, 'G1', 'available'),
(408, 'G2', 'available'),
(408, 'G3', 'available'),
(408, 'G4', 'available'),
(408, 'H1', 'available'),
(408, 'H2', 'available'),
(408, 'H3', 'available'),
(408, 'H4', 'available'),
(408, 'I1', 'available'),
(408, 'I2', 'available'),
(408, 'I3', 'available'),
(408, 'I4', 'available'),
(409, 'A1', 'available'),
(409, 'A2', 'available'),
(409, 'A3', 'available'),
(409, 'B1', 'available'),
(409, 'B2', 'available'),
(409, 'B3', 'available'),
(409, 'C1', 'available'),
(409, 'C2', 'available'),
(409, 'C3', 'available'),
(409, 'D1', 'available'),
(409, 'D2', 'available'),
(409, 'D3', 'available'),
(409, 'E1', 'available'),
(409, 'E2', 'available'),
(409, 'E3', 'available'),
(409, 'F1', 'available'),
(409, 'F2', 'available'),
(409, 'F3', 'available'),
(409, 'G1', 'available'),
(409, 'G2', 'available'),
(409, 'G3', 'available'),
(409, 'H1', 'available'),
(409, 'H2', 'available'),
(409, 'H3', 'available'),
(409, 'I1', 'available'),
(409, 'I2', 'available'),
(409, 'I3', 'available'),
(409, 'I4', 'available'),
(501, 'A1', 'available'),
(501, 'A2', 'available'),
(501, 'A3', 'available'),
(501, 'A4', 'available'),
(501, 'B1', 'available'),
(501, 'B2', 'available'),
(501, 'B3', 'available'),
(501, 'B4', 'available'),
(501, 'C1', 'available'),
(501, 'C2', 'available'),
(501, 'C3', 'available'),
(501, 'C4', 'available'),
(501, 'D1', 'available'),
(501, 'D2', 'available'),
(501, 'D3', 'available'),
(501, 'D4', 'available'),
(501, 'E1', 'available'),
(501, 'E2', 'available'),
(501, 'E3', 'available'),
(501, 'E4', 'available'),
(501, 'F1', 'available'),
(501, 'F2', 'available'),
(501, 'F3', 'available'),
(501, 'F4', 'available'),
(501, 'G1', 'available'),
(501, 'G2', 'available'),
(501, 'G3', 'available'),
(501, 'G4', 'available'),
(501, 'H1', 'available'),
(501, 'H2', 'available'),
(501, 'H3', 'available'),
(501, 'H4', 'available'),
(501, 'I1', 'available'),
(501, 'I2', 'available'),
(501, 'I3', 'available'),
(501, 'I4', 'available'),
(502, 'A1', 'available'),
(502, 'A2', 'available'),
(502, 'A3', 'available'),
(502, 'A4', 'available'),
(502, 'B1', 'available'),
(502, 'B2', 'available'),
(502, 'B3', 'available'),
(502, 'B4', 'available'),
(502, 'C1', 'available'),
(502, 'C2', 'available'),
(502, 'C3', 'available'),
(502, 'C4', 'available'),
(502, 'D1', 'available'),
(502, 'D2', 'available'),
(502, 'D3', 'available'),
(502, 'D4', 'available'),
(502, 'E1', 'available'),
(502, 'E2', 'available'),
(502, 'E3', 'available'),
(502, 'E4', 'available'),
(502, 'F1', 'available'),
(502, 'F2', 'available'),
(502, 'F3', 'available'),
(502, 'F4', 'available'),
(502, 'G1', 'available'),
(502, 'G2', 'available'),
(502, 'G3', 'available'),
(502, 'G4', 'available'),
(502, 'H1', 'available'),
(502, 'H2', 'available'),
(502, 'H3', 'available'),
(502, 'H4', 'available'),
(502, 'I1', 'available'),
(502, 'I2', 'available'),
(502, 'I3', 'available'),
(502, 'I4', 'available'),
(503, 'A1', 'available'),
(503, 'A2', 'available'),
(503, 'A3', 'available'),
(503, 'B1', 'available'),
(503, 'B2', 'available'),
(503, 'B3', 'available'),
(503, 'C1', 'available'),
(503, 'C2', 'available'),
(503, 'C3', 'available'),
(503, 'D1', 'available'),
(503, 'D2', 'available'),
(503, 'D3', 'available'),
(503, 'E1', 'available'),
(503, 'E2', 'available'),
(503, 'E3', 'available'),
(503, 'F1', 'available'),
(503, 'F2', 'available'),
(503, 'F3', 'available'),
(503, 'G1', 'available'),
(503, 'G2', 'available'),
(503, 'G3', 'available'),
(503, 'H1', 'available'),
(503, 'H2', 'available'),
(503, 'H3', 'available'),
(503, 'I1', 'available'),
(503, 'I2', 'available'),
(503, 'I3', 'available'),
(503, 'I4', 'available'),
(504, 'A1', 'available'),
(504, 'A2', 'available'),
(504, 'A3', 'available'),
(504, 'A4', 'available'),
(504, 'B1', 'available'),
(504, 'B2', 'available'),
(504, 'B3', 'available'),
(504, 'B4', 'available'),
(504, 'C1', 'available'),
(504, 'C2', 'available'),
(504, 'C3', 'available'),
(504, 'C4', 'available'),
(504, 'D1', 'available'),
(504, 'D2', 'available'),
(504, 'D3', 'available'),
(504, 'D4', 'available'),
(504, 'E1', 'available'),
(504, 'E2', 'available'),
(504, 'E3', 'available'),
(504, 'E4', 'available'),
(504, 'F1', 'available'),
(504, 'F2', 'available'),
(504, 'F3', 'available'),
(504, 'F4', 'available'),
(504, 'G1', 'available'),
(504, 'G2', 'available'),
(504, 'G3', 'available'),
(504, 'G4', 'available'),
(504, 'H1', 'available'),
(504, 'H2', 'available'),
(504, 'H3', 'available'),
(504, 'H4', 'available'),
(504, 'I1', 'available'),
(504, 'I2', 'available'),
(504, 'I3', 'available'),
(504, 'I4', 'available'),
(505, 'A1', 'available'),
(505, 'A2', 'available'),
(505, 'A3', 'available'),
(505, 'B1', 'available'),
(505, 'B2', 'available'),
(505, 'B3', 'available'),
(505, 'C1', 'available'),
(505, 'C2', 'available'),
(505, 'C3', 'available'),
(505, 'D1', 'available'),
(505, 'D2', 'available'),
(505, 'D3', 'available'),
(505, 'E1', 'available'),
(505, 'E2', 'available'),
(505, 'E3', 'available'),
(505, 'F1', 'available'),
(505, 'F2', 'available'),
(505, 'F3', 'available'),
(505, 'G1', 'available'),
(505, 'G2', 'available'),
(505, 'G3', 'available'),
(505, 'H1', 'available'),
(505, 'H2', 'available'),
(505, 'H3', 'available'),
(505, 'I1', 'available'),
(505, 'I2', 'available'),
(505, 'I3', 'available'),
(505, 'I4', 'available'),
(506, 'A1', 'available'),
(506, 'A2', 'available'),
(506, 'A3', 'available'),
(506, 'A4', 'available'),
(506, 'B1', 'available'),
(506, 'B2', 'available'),
(506, 'B3', 'available'),
(506, 'B4', 'available'),
(506, 'C1', 'available'),
(506, 'C2', 'available'),
(506, 'C3', 'available'),
(506, 'C4', 'available'),
(506, 'D1', 'available'),
(506, 'D2', 'available'),
(506, 'D3', 'available'),
(506, 'D4', 'available'),
(506, 'E1', 'available'),
(506, 'E2', 'available'),
(506, 'E3', 'available'),
(506, 'E4', 'available'),
(506, 'F1', 'available'),
(506, 'F2', 'available'),
(506, 'F3', 'available'),
(506, 'F4', 'available'),
(506, 'G1', 'available'),
(506, 'G2', 'available'),
(506, 'G3', 'available'),
(506, 'G4', 'available'),
(506, 'H1', 'available'),
(506, 'H2', 'available'),
(506, 'H3', 'available'),
(506, 'H4', 'available'),
(506, 'I1', 'available'),
(506, 'I2', 'available'),
(506, 'I3', 'available'),
(506, 'I4', 'available'),
(507, 'A1', 'available'),
(507, 'A2', 'available'),
(507, 'A3', 'available'),
(507, 'B1', 'available'),
(507, 'B2', 'available'),
(507, 'B3', 'available'),
(507, 'C1', 'available'),
(507, 'C2', 'available'),
(507, 'C3', 'available'),
(507, 'D1', 'available'),
(507, 'D2', 'available'),
(507, 'D3', 'available'),
(507, 'E1', 'available'),
(507, 'E2', 'available'),
(507, 'E3', 'available'),
(507, 'F1', 'available'),
(507, 'F2', 'available'),
(507, 'F3', 'available'),
(507, 'G1', 'available'),
(507, 'G2', 'available'),
(507, 'G3', 'available'),
(507, 'H1', 'available'),
(507, 'H2', 'available'),
(507, 'H3', 'available'),
(507, 'I1', 'available'),
(507, 'I2', 'available'),
(507, 'I3', 'available'),
(507, 'I4', 'available'),
(508, 'A1', 'available'),
(508, 'A2', 'available'),
(508, 'A3', 'available'),
(508, 'A4', 'available'),
(508, 'B1', 'available'),
(508, 'B2', 'available'),
(508, 'B3', 'available'),
(508, 'B4', 'available'),
(508, 'C1', 'available'),
(508, 'C2', 'available'),
(508, 'C3', 'available'),
(508, 'C4', 'available'),
(508, 'D1', 'available'),
(508, 'D2', 'available'),
(508, 'D3', 'available'),
(508, 'D4', 'available'),
(508, 'E1', 'available'),
(508, 'E2', 'available'),
(508, 'E3', 'available'),
(508, 'E4', 'available'),
(508, 'F1', 'available'),
(508, 'F2', 'available'),
(508, 'F3', 'available'),
(508, 'F4', 'available'),
(508, 'G1', 'available'),
(508, 'G2', 'available'),
(508, 'G3', 'available'),
(508, 'G4', 'available'),
(508, 'H1', 'available'),
(508, 'H2', 'available'),
(508, 'H3', 'available'),
(508, 'H4', 'available'),
(508, 'I1', 'available'),
(508, 'I2', 'available'),
(508, 'I3', 'available'),
(508, 'I4', 'available'),
(509, 'A1', 'available'),
(509, 'A2', 'available'),
(509, 'A3', 'available'),
(509, 'B1', 'available'),
(509, 'B2', 'available'),
(509, 'B3', 'available'),
(509, 'C1', 'available'),
(509, 'C2', 'available'),
(509, 'C3', 'available'),
(509, 'D1', 'available'),
(509, 'D2', 'available'),
(509, 'D3', 'available'),
(509, 'E1', 'available'),
(509, 'E2', 'available'),
(509, 'E3', 'available'),
(509, 'F1', 'available'),
(509, 'F2', 'available'),
(509, 'F3', 'available'),
(509, 'G1', 'available'),
(509, 'G2', 'available'),
(509, 'G3', 'available'),
(509, 'H1', 'available'),
(509, 'H2', 'available'),
(509, 'H3', 'available'),
(509, 'I1', 'available'),
(509, 'I2', 'available'),
(509, 'I3', 'available'),
(509, 'I4', 'available'),
(601, 'A1', 'available'),
(601, 'A2', 'available'),
(601, 'A3', 'available'),
(601, 'A4', 'available'),
(601, 'B1', 'available'),
(601, 'B2', 'available'),
(601, 'B3', 'available'),
(601, 'B4', 'available'),
(601, 'C1', 'available'),
(601, 'C2', 'available'),
(601, 'C3', 'available'),
(601, 'C4', 'available'),
(601, 'D1', 'available'),
(601, 'D2', 'available'),
(601, 'D3', 'available'),
(601, 'D4', 'available'),
(601, 'E1', 'available'),
(601, 'E2', 'available'),
(601, 'E3', 'available'),
(601, 'E4', 'available'),
(601, 'F1', 'available'),
(601, 'F2', 'available'),
(601, 'F3', 'available'),
(601, 'F4', 'available'),
(601, 'G1', 'available'),
(601, 'G2', 'available'),
(601, 'G3', 'available'),
(601, 'G4', 'available'),
(601, 'H1', 'available'),
(601, 'H2', 'available'),
(601, 'H3', 'available'),
(601, 'H4', 'available'),
(601, 'I1', 'available'),
(601, 'I2', 'available'),
(601, 'I3', 'available'),
(601, 'I4', 'available'),
(602, 'A1', 'available'),
(602, 'A2', 'available'),
(602, 'A3', 'available'),
(602, 'A4', 'available'),
(602, 'B1', 'available'),
(602, 'B2', 'available'),
(602, 'B3', 'available'),
(602, 'B4', 'available'),
(602, 'C1', 'available'),
(602, 'C2', 'available'),
(602, 'C3', 'available'),
(602, 'C4', 'available'),
(602, 'D1', 'available'),
(602, 'D2', 'available'),
(602, 'D3', 'available'),
(602, 'D4', 'available'),
(602, 'E1', 'available'),
(602, 'E2', 'available'),
(602, 'E3', 'available'),
(602, 'E4', 'available'),
(602, 'F1', 'available'),
(602, 'F2', 'available'),
(602, 'F3', 'available'),
(602, 'F4', 'available'),
(602, 'G1', 'available'),
(602, 'G2', 'available'),
(602, 'G3', 'available'),
(602, 'G4', 'available'),
(602, 'H1', 'available'),
(602, 'H2', 'available'),
(602, 'H3', 'available'),
(602, 'H4', 'available'),
(602, 'I1', 'available'),
(602, 'I2', 'available'),
(602, 'I3', 'available'),
(602, 'I4', 'available'),
(603, 'A1', 'available'),
(603, 'A2', 'available'),
(603, 'A3', 'available'),
(603, 'B1', 'available'),
(603, 'B2', 'available'),
(603, 'B3', 'available'),
(603, 'C1', 'available'),
(603, 'C2', 'available'),
(603, 'C3', 'available'),
(603, 'D1', 'available'),
(603, 'D2', 'available'),
(603, 'D3', 'available'),
(603, 'E1', 'available'),
(603, 'E2', 'available'),
(603, 'E3', 'available'),
(603, 'F1', 'available'),
(603, 'F2', 'available'),
(603, 'F3', 'available'),
(603, 'G1', 'available'),
(603, 'G2', 'available'),
(603, 'G3', 'available'),
(603, 'H1', 'available'),
(603, 'H2', 'available'),
(603, 'H3', 'available'),
(603, 'I1', 'available'),
(603, 'I2', 'available'),
(603, 'I3', 'available'),
(603, 'I4', 'available'),
(604, 'A1', 'available'),
(604, 'A2', 'available'),
(604, 'A3', 'available'),
(604, 'A4', 'available'),
(604, 'B1', 'available'),
(604, 'B2', 'available'),
(604, 'B3', 'available'),
(604, 'B4', 'available'),
(604, 'C1', 'available'),
(604, 'C2', 'available'),
(604, 'C3', 'available'),
(604, 'C4', 'available'),
(604, 'D1', 'available'),
(604, 'D2', 'available'),
(604, 'D3', 'available'),
(604, 'D4', 'available'),
(604, 'E1', 'available'),
(604, 'E2', 'available'),
(604, 'E3', 'available'),
(604, 'E4', 'available'),
(604, 'F1', 'available'),
(604, 'F2', 'available'),
(604, 'F3', 'available'),
(604, 'F4', 'available'),
(604, 'G1', 'available'),
(604, 'G2', 'available'),
(604, 'G3', 'available'),
(604, 'G4', 'available'),
(604, 'H1', 'available'),
(604, 'H2', 'available'),
(604, 'H3', 'available'),
(604, 'H4', 'available'),
(604, 'I1', 'available'),
(604, 'I2', 'available'),
(604, 'I3', 'available'),
(604, 'I4', 'available'),
(605, 'A1', 'available'),
(605, 'A2', 'available'),
(605, 'A3', 'available'),
(605, 'B1', 'available'),
(605, 'B2', 'available'),
(605, 'B3', 'available'),
(605, 'C1', 'available'),
(605, 'C2', 'available'),
(605, 'C3', 'available'),
(605, 'D1', 'available'),
(605, 'D2', 'available'),
(605, 'D3', 'available'),
(605, 'E1', 'available'),
(605, 'E2', 'available'),
(605, 'E3', 'available'),
(605, 'F1', 'available'),
(605, 'F2', 'available'),
(605, 'F3', 'available'),
(605, 'G1', 'available'),
(605, 'G2', 'available'),
(605, 'G3', 'available'),
(605, 'H1', 'available'),
(605, 'H2', 'available'),
(605, 'H3', 'available'),
(605, 'I1', 'available'),
(605, 'I2', 'available'),
(605, 'I3', 'available'),
(605, 'I4', 'available'),
(606, 'A1', 'available'),
(606, 'A2', 'available'),
(606, 'A3', 'available'),
(606, 'A4', 'available'),
(606, 'B1', 'available'),
(606, 'B2', 'available'),
(606, 'B3', 'available'),
(606, 'B4', 'available'),
(606, 'C1', 'available'),
(606, 'C2', 'available'),
(606, 'C3', 'available'),
(606, 'C4', 'available'),
(606, 'D1', 'available'),
(606, 'D2', 'available'),
(606, 'D3', 'available'),
(606, 'D4', 'available'),
(606, 'E1', 'available'),
(606, 'E2', 'available'),
(606, 'E3', 'available'),
(606, 'E4', 'available'),
(606, 'F1', 'available'),
(606, 'F2', 'available'),
(606, 'F3', 'available'),
(606, 'F4', 'available'),
(606, 'G1', 'available'),
(606, 'G2', 'available'),
(606, 'G3', 'available'),
(606, 'G4', 'available'),
(606, 'H1', 'available'),
(606, 'H2', 'available'),
(606, 'H3', 'available'),
(606, 'H4', 'available'),
(606, 'I1', 'available'),
(606, 'I2', 'available'),
(606, 'I3', 'available'),
(606, 'I4', 'available'),
(607, 'A1', 'available'),
(607, 'A2', 'available'),
(607, 'A3', 'available'),
(607, 'B1', 'available'),
(607, 'B2', 'available'),
(607, 'B3', 'available'),
(607, 'C1', 'available'),
(607, 'C2', 'available'),
(607, 'C3', 'available'),
(607, 'D1', 'available'),
(607, 'D2', 'available'),
(607, 'D3', 'available'),
(607, 'E1', 'available'),
(607, 'E2', 'available'),
(607, 'E3', 'available'),
(607, 'F1', 'available'),
(607, 'F2', 'available'),
(607, 'F3', 'available'),
(607, 'G1', 'available'),
(607, 'G2', 'available'),
(607, 'G3', 'available'),
(607, 'H1', 'available'),
(607, 'H2', 'available'),
(607, 'H3', 'available'),
(607, 'I1', 'available'),
(607, 'I2', 'available'),
(607, 'I3', 'available'),
(607, 'I4', 'available'),
(608, 'A1', 'available'),
(608, 'A2', 'available'),
(608, 'A3', 'available'),
(608, 'A4', 'available'),
(608, 'B1', 'available'),
(608, 'B2', 'available'),
(608, 'B3', 'available'),
(608, 'B4', 'available'),
(608, 'C1', 'available'),
(608, 'C2', 'available'),
(608, 'C3', 'available'),
(608, 'C4', 'available'),
(608, 'D1', 'available'),
(608, 'D2', 'available'),
(608, 'D3', 'available'),
(608, 'D4', 'available'),
(608, 'E1', 'available'),
(608, 'E2', 'available'),
(608, 'E3', 'available'),
(608, 'E4', 'available'),
(608, 'F1', 'available'),
(608, 'F2', 'available'),
(608, 'F3', 'available'),
(608, 'F4', 'available'),
(608, 'G1', 'available'),
(608, 'G2', 'available'),
(608, 'G3', 'available'),
(608, 'G4', 'available'),
(608, 'H1', 'available'),
(608, 'H2', 'available'),
(608, 'H3', 'available'),
(608, 'H4', 'available'),
(608, 'I1', 'available'),
(608, 'I2', 'available'),
(608, 'I3', 'available'),
(608, 'I4', 'available'),
(609, 'A1', 'available'),
(609, 'A2', 'available'),
(609, 'A3', 'available'),
(609, 'B1', 'available'),
(609, 'B2', 'available'),
(609, 'B3', 'available'),
(609, 'C1', 'available'),
(609, 'C2', 'available'),
(609, 'C3', 'available'),
(609, 'D1', 'available'),
(609, 'D2', 'available'),
(609, 'D3', 'available'),
(609, 'E1', 'available'),
(609, 'E2', 'available'),
(609, 'E3', 'available'),
(609, 'F1', 'available'),
(609, 'F2', 'available'),
(609, 'F3', 'available'),
(609, 'G1', 'available'),
(609, 'G2', 'available'),
(609, 'G3', 'available'),
(609, 'H1', 'available'),
(609, 'H2', 'available'),
(609, 'H3', 'available'),
(609, 'I1', 'available'),
(609, 'I2', 'available'),
(609, 'I3', 'available'),
(609, 'I4', 'available'),
(701, 'A1', 'available'),
(701, 'A2', 'available'),
(701, 'A3', 'available'),
(701, 'A4', 'available'),
(701, 'B1', 'available'),
(701, 'B2', 'available'),
(701, 'B3', 'available'),
(701, 'B4', 'available'),
(701, 'C1', 'available'),
(701, 'C2', 'available'),
(701, 'C3', 'available'),
(701, 'C4', 'available'),
(701, 'D1', 'available'),
(701, 'D2', 'available'),
(701, 'D3', 'available'),
(701, 'D4', 'available'),
(701, 'E1', 'available'),
(701, 'E2', 'available'),
(701, 'E3', 'available'),
(701, 'E4', 'available'),
(701, 'F1', 'available'),
(701, 'F2', 'available'),
(701, 'F3', 'available'),
(701, 'F4', 'available'),
(701, 'G1', 'available'),
(701, 'G2', 'available'),
(701, 'G3', 'available'),
(701, 'G4', 'available'),
(701, 'H1', 'available'),
(701, 'H2', 'available'),
(701, 'H3', 'available'),
(701, 'H4', 'available'),
(701, 'I1', 'available'),
(701, 'I2', 'available'),
(701, 'I3', 'available'),
(701, 'I4', 'available'),
(702, 'A1', 'available'),
(702, 'A2', 'available'),
(702, 'A3', 'available'),
(702, 'A4', 'available'),
(702, 'B1', 'available'),
(702, 'B2', 'available'),
(702, 'B3', 'available'),
(702, 'B4', 'available'),
(702, 'C1', 'available'),
(702, 'C2', 'available'),
(702, 'C3', 'available'),
(702, 'C4', 'available'),
(702, 'D1', 'available'),
(702, 'D2', 'available'),
(702, 'D3', 'available'),
(702, 'D4', 'available'),
(702, 'E1', 'available'),
(702, 'E2', 'available'),
(702, 'E3', 'available'),
(702, 'E4', 'available'),
(702, 'F1', 'available'),
(702, 'F2', 'available'),
(702, 'F3', 'available'),
(702, 'F4', 'available'),
(702, 'G1', 'available'),
(702, 'G2', 'available'),
(702, 'G3', 'available'),
(702, 'G4', 'available'),
(702, 'H1', 'available'),
(702, 'H2', 'available'),
(702, 'H3', 'available'),
(702, 'H4', 'available'),
(702, 'I1', 'available'),
(702, 'I2', 'available'),
(702, 'I3', 'available'),
(702, 'I4', 'available'),
(703, 'A1', 'available'),
(703, 'A2', 'available'),
(703, 'A3', 'available'),
(703, 'B1', 'available'),
(703, 'B2', 'available'),
(703, 'B3', 'available'),
(703, 'C1', 'available'),
(703, 'C2', 'available'),
(703, 'C3', 'available'),
(703, 'D1', 'available'),
(703, 'D2', 'available'),
(703, 'D3', 'available'),
(703, 'E1', 'available'),
(703, 'E2', 'available'),
(703, 'E3', 'available'),
(703, 'F1', 'available'),
(703, 'F2', 'available'),
(703, 'F3', 'available'),
(703, 'G1', 'available'),
(703, 'G2', 'available'),
(703, 'G3', 'available'),
(703, 'H1', 'available'),
(703, 'H2', 'available'),
(703, 'H3', 'available'),
(703, 'I1', 'available'),
(703, 'I2', 'available'),
(703, 'I3', 'available'),
(703, 'I4', 'available'),
(704, 'A1', 'available'),
(704, 'A2', 'available'),
(704, 'A3', 'available'),
(704, 'A4', 'available'),
(704, 'B1', 'available'),
(704, 'B2', 'available'),
(704, 'B3', 'available'),
(704, 'B4', 'available'),
(704, 'C1', 'available'),
(704, 'C2', 'available'),
(704, 'C3', 'available'),
(704, 'C4', 'available'),
(704, 'D1', 'available'),
(704, 'D2', 'available'),
(704, 'D3', 'available'),
(704, 'D4', 'available'),
(704, 'E1', 'available'),
(704, 'E2', 'available'),
(704, 'E3', 'available'),
(704, 'E4', 'available'),
(704, 'F1', 'available'),
(704, 'F2', 'available'),
(704, 'F3', 'available'),
(704, 'F4', 'available'),
(704, 'G1', 'available'),
(704, 'G2', 'available'),
(704, 'G3', 'available'),
(704, 'G4', 'available'),
(704, 'H1', 'available'),
(704, 'H2', 'available'),
(704, 'H3', 'available'),
(704, 'H4', 'available'),
(704, 'I1', 'available'),
(704, 'I2', 'available'),
(704, 'I3', 'available'),
(704, 'I4', 'available'),
(705, 'A1', 'available'),
(705, 'A2', 'available'),
(705, 'A3', 'available'),
(705, 'B1', 'available'),
(705, 'B2', 'available'),
(705, 'B3', 'available'),
(705, 'C1', 'available'),
(705, 'C2', 'available'),
(705, 'C3', 'available'),
(705, 'D1', 'available'),
(705, 'D2', 'available'),
(705, 'D3', 'available'),
(705, 'E1', 'available'),
(705, 'E2', 'available'),
(705, 'E3', 'available'),
(705, 'F1', 'available'),
(705, 'F2', 'available'),
(705, 'F3', 'available'),
(705, 'G1', 'available'),
(705, 'G2', 'available'),
(705, 'G3', 'available'),
(705, 'H1', 'available'),
(705, 'H2', 'available'),
(705, 'H3', 'available'),
(705, 'I1', 'available'),
(705, 'I2', 'available'),
(705, 'I3', 'available'),
(705, 'I4', 'available'),
(706, 'A1', 'available'),
(706, 'A2', 'available'),
(706, 'A3', 'available'),
(706, 'A4', 'available'),
(706, 'B1', 'available'),
(706, 'B2', 'available'),
(706, 'B3', 'available'),
(706, 'B4', 'available'),
(706, 'C1', 'available'),
(706, 'C2', 'available'),
(706, 'C3', 'available'),
(706, 'C4', 'available'),
(706, 'D1', 'available'),
(706, 'D2', 'available'),
(706, 'D3', 'available'),
(706, 'D4', 'available'),
(706, 'E1', 'available'),
(706, 'E2', 'available'),
(706, 'E3', 'available'),
(706, 'E4', 'available'),
(706, 'F1', 'available'),
(706, 'F2', 'available'),
(706, 'F3', 'available'),
(706, 'F4', 'available'),
(706, 'G1', 'available'),
(706, 'G2', 'available'),
(706, 'G3', 'available'),
(706, 'G4', 'available'),
(706, 'H1', 'available'),
(706, 'H2', 'available'),
(706, 'H3', 'available'),
(706, 'H4', 'available'),
(706, 'I1', 'available'),
(706, 'I2', 'available'),
(706, 'I3', 'available'),
(706, 'I4', 'available'),
(707, 'A1', 'available'),
(707, 'A2', 'available'),
(707, 'A3', 'available'),
(707, 'B1', 'available'),
(707, 'B2', 'available'),
(707, 'B3', 'available'),
(707, 'C1', 'available'),
(707, 'C2', 'available'),
(707, 'C3', 'available'),
(707, 'D1', 'available'),
(707, 'D2', 'available'),
(707, 'D3', 'available'),
(707, 'E1', 'available'),
(707, 'E2', 'available'),
(707, 'E3', 'available'),
(707, 'F1', 'available'),
(707, 'F2', 'available'),
(707, 'F3', 'available'),
(707, 'G1', 'available'),
(707, 'G2', 'available'),
(707, 'G3', 'available'),
(707, 'H1', 'available'),
(707, 'H2', 'available'),
(707, 'H3', 'available'),
(707, 'I1', 'available'),
(707, 'I2', 'available'),
(707, 'I3', 'available'),
(707, 'I4', 'available'),
(708, 'A1', 'available'),
(708, 'A2', 'available'),
(708, 'A3', 'available'),
(708, 'A4', 'available'),
(708, 'B1', 'available'),
(708, 'B2', 'available'),
(708, 'B3', 'available'),
(708, 'B4', 'available'),
(708, 'C1', 'available'),
(708, 'C2', 'available'),
(708, 'C3', 'available'),
(708, 'C4', 'available'),
(708, 'D1', 'available'),
(708, 'D2', 'available'),
(708, 'D3', 'available'),
(708, 'D4', 'available'),
(708, 'E1', 'available'),
(708, 'E2', 'available'),
(708, 'E3', 'available'),
(708, 'E4', 'available'),
(708, 'F1', 'available'),
(708, 'F2', 'available'),
(708, 'F3', 'available'),
(708, 'F4', 'available'),
(708, 'G1', 'available'),
(708, 'G2', 'available'),
(708, 'G3', 'available'),
(708, 'G4', 'available'),
(708, 'H1', 'available'),
(708, 'H2', 'available'),
(708, 'H3', 'available'),
(708, 'H4', 'available'),
(708, 'I1', 'available'),
(708, 'I2', 'available'),
(708, 'I3', 'available'),
(708, 'I4', 'available'),
(709, 'A1', 'available'),
(709, 'A2', 'available'),
(709, 'A3', 'available'),
(709, 'B1', 'available'),
(709, 'B2', 'available'),
(709, 'B3', 'available'),
(709, 'C1', 'available'),
(709, 'C2', 'available'),
(709, 'C3', 'available'),
(709, 'D1', 'available'),
(709, 'D2', 'available'),
(709, 'D3', 'available'),
(709, 'E1', 'available'),
(709, 'E2', 'available'),
(709, 'E3', 'available'),
(709, 'F1', 'available'),
(709, 'F2', 'available'),
(709, 'F3', 'available'),
(709, 'G1', 'available'),
(709, 'G2', 'available'),
(709, 'G3', 'available'),
(709, 'H1', 'available'),
(709, 'H2', 'available'),
(709, 'H3', 'available'),
(709, 'I1', 'available'),
(709, 'I2', 'available'),
(709, 'I3', 'available'),
(709, 'I4', 'available'),
(901, 'A1', 'available'),
(901, 'A2', 'available'),
(901, 'A3', 'available'),
(901, 'A4', 'available'),
(901, 'B1', 'available'),
(901, 'B2', 'available'),
(901, 'B3', 'available'),
(901, 'B4', 'available'),
(901, 'C1', 'available'),
(901, 'C2', 'available'),
(901, 'C3', 'available'),
(901, 'C4', 'available'),
(901, 'D1', 'available'),
(901, 'D2', 'available'),
(901, 'D3', 'available'),
(901, 'D4', 'booked'),
(901, 'E1', 'available'),
(901, 'E2', 'available'),
(901, 'E3', 'available'),
(901, 'E4', 'available'),
(901, 'F1', 'available'),
(901, 'F2', 'available'),
(901, 'F3', 'available'),
(901, 'F4', 'available'),
(901, 'G1', 'available'),
(901, 'G2', 'available'),
(901, 'G3', 'available'),
(901, 'G4', 'available'),
(901, 'H1', 'available'),
(901, 'H2', 'available'),
(901, 'H3', 'available'),
(901, 'H4', 'available'),
(901, 'I1', 'available'),
(901, 'I2', 'available'),
(901, 'I3', 'available'),
(901, 'I4', 'available'),
(902, 'A1', 'booked'),
(902, 'A2', 'available'),
(902, 'A3', 'available'),
(902, 'B1', 'available'),
(902, 'B2', 'available'),
(902, 'B3', 'available'),
(902, 'C1', 'available'),
(902, 'C2', 'available'),
(902, 'C3', 'available'),
(902, 'D1', 'booked'),
(902, 'D2', 'available'),
(902, 'D3', 'available'),
(902, 'E1', 'available'),
(902, 'E2', 'available'),
(902, 'E3', 'available'),
(902, 'F1', 'available'),
(902, 'F2', 'available'),
(902, 'F3', 'available'),
(902, 'G1', 'available'),
(902, 'G2', 'available'),
(902, 'G3', 'available'),
(902, 'H1', 'available'),
(902, 'H2', 'available'),
(902, 'H3', 'available'),
(902, 'I1', 'available'),
(902, 'I2', 'available'),
(902, 'I3', 'available'),
(902, 'I4', 'available'),
(903, 'A1', 'available'),
(903, 'A2', 'booked'),
(903, 'A3', 'available'),
(903, 'A4', 'available'),
(903, 'B1', 'available'),
(903, 'B2', 'available'),
(903, 'B3', 'available'),
(903, 'B4', 'available'),
(903, 'C1', 'available'),
(903, 'C2', 'available'),
(903, 'C3', 'available'),
(903, 'C4', 'available'),
(903, 'D1', 'available'),
(903, 'D2', 'available'),
(903, 'D3', 'available'),
(903, 'D4', 'available'),
(903, 'E1', 'available'),
(903, 'E2', 'available'),
(903, 'E3', 'available'),
(903, 'E4', 'available'),
(903, 'F1', 'available'),
(903, 'F2', 'available'),
(903, 'F3', 'available'),
(903, 'F4', 'available'),
(903, 'G1', 'available'),
(903, 'G2', 'available'),
(903, 'G3', 'available'),
(903, 'G4', 'available'),
(903, 'H1', 'available'),
(903, 'H2', 'available'),
(903, 'H3', 'available'),
(903, 'H4', 'available'),
(903, 'I1', 'available'),
(903, 'I2', 'available'),
(903, 'I3', 'available'),
(903, 'I4', 'available'),
(904, 'A1', 'booked'),
(904, 'A2', 'available'),
(904, 'A3', 'available'),
(904, 'B1', 'available'),
(904, 'B2', 'available'),
(904, 'B3', 'available'),
(904, 'C1', 'available'),
(904, 'C2', 'available'),
(904, 'C3', 'available'),
(904, 'D1', 'available'),
(904, 'D2', 'available'),
(904, 'D3', 'available'),
(904, 'E1', 'available'),
(904, 'E2', 'available'),
(904, 'E3', 'available'),
(904, 'F1', 'available'),
(904, 'F2', 'available'),
(904, 'F3', 'available'),
(904, 'G1', 'available'),
(904, 'G2', 'available'),
(904, 'G3', 'available'),
(904, 'H1', 'available'),
(904, 'H2', 'available'),
(904, 'H3', 'available'),
(904, 'I1', 'available'),
(904, 'I2', 'available'),
(904, 'I3', 'available'),
(904, 'I4', 'available'),
(905, 'A1', 'available'),
(905, 'A2', 'available'),
(905, 'A3', 'available'),
(905, 'A4', 'available'),
(905, 'B1', 'available'),
(905, 'B2', 'available'),
(905, 'B3', 'available'),
(905, 'B4', 'available'),
(905, 'C1', 'available'),
(905, 'C2', 'available'),
(905, 'C3', 'available'),
(905, 'C4', 'available'),
(905, 'D1', 'available'),
(905, 'D2', 'available'),
(905, 'D3', 'available'),
(905, 'D4', 'available'),
(905, 'E1', 'available'),
(905, 'E2', 'available'),
(905, 'E3', 'available'),
(905, 'E4', 'available'),
(905, 'F1', 'available'),
(905, 'F2', 'available'),
(905, 'F3', 'available'),
(905, 'F4', 'available'),
(905, 'G1', 'available'),
(905, 'G2', 'available'),
(905, 'G3', 'available'),
(905, 'G4', 'available'),
(905, 'H1', 'available'),
(905, 'H2', 'available'),
(905, 'H3', 'available'),
(905, 'H4', 'available'),
(905, 'I1', 'available'),
(905, 'I2', 'available'),
(905, 'I3', 'available'),
(905, 'I4', 'available'),
(906, 'A1', 'available'),
(906, 'A2', 'available'),
(906, 'A3', 'available'),
(906, 'B1', 'available'),
(906, 'B2', 'available'),
(906, 'B3', 'available'),
(906, 'C1', 'available'),
(906, 'C2', 'available'),
(906, 'C3', 'available'),
(906, 'D1', 'available'),
(906, 'D2', 'available'),
(906, 'D3', 'available'),
(906, 'E1', 'available'),
(906, 'E2', 'available'),
(906, 'E3', 'available'),
(906, 'F1', 'available'),
(906, 'F2', 'available'),
(906, 'F3', 'available'),
(906, 'G1', 'available'),
(906, 'G2', 'available'),
(906, 'G3', 'available'),
(906, 'H1', 'available'),
(906, 'H2', 'available'),
(906, 'H3', 'available'),
(906, 'I1', 'available'),
(906, 'I2', 'available'),
(906, 'I3', 'available'),
(906, 'I4', 'available'),
(907, 'A1', 'available'),
(907, 'A2', 'available'),
(907, 'A3', 'available'),
(907, 'A4', 'available'),
(907, 'B1', 'available'),
(907, 'B2', 'available'),
(907, 'B3', 'available'),
(907, 'B4', 'available'),
(907, 'C1', 'available'),
(907, 'C2', 'available'),
(907, 'C3', 'available'),
(907, 'C4', 'available'),
(907, 'D1', 'available'),
(907, 'D2', 'available'),
(907, 'D3', 'available'),
(907, 'D4', 'available'),
(907, 'E1', 'available'),
(907, 'E2', 'available'),
(907, 'E3', 'available'),
(907, 'E4', 'available'),
(907, 'F1', 'available'),
(907, 'F2', 'available'),
(907, 'F3', 'available'),
(907, 'F4', 'available'),
(907, 'G1', 'available'),
(907, 'G2', 'available'),
(907, 'G3', 'available'),
(907, 'G4', 'available'),
(907, 'H1', 'available'),
(907, 'H2', 'available'),
(907, 'H3', 'available'),
(907, 'H4', 'available'),
(907, 'I1', 'available'),
(907, 'I2', 'available'),
(907, 'I3', 'available'),
(907, 'I4', 'available'),
(908, 'A1', 'available'),
(908, 'A2', 'available'),
(908, 'A3', 'available'),
(908, 'B1', 'available'),
(908, 'B2', 'available'),
(908, 'B3', 'available'),
(908, 'C1', 'available'),
(908, 'C2', 'available'),
(908, 'C3', 'available'),
(908, 'D1', 'available'),
(908, 'D2', 'available'),
(908, 'D3', 'available'),
(908, 'E1', 'available'),
(908, 'E2', 'available'),
(908, 'E3', 'available'),
(908, 'F1', 'available'),
(908, 'F2', 'available'),
(908, 'F3', 'available'),
(908, 'G1', 'available'),
(908, 'G2', 'available'),
(908, 'G3', 'available'),
(908, 'H1', 'available'),
(908, 'H2', 'available'),
(908, 'H3', 'available'),
(908, 'I1', 'available'),
(908, 'I2', 'available'),
(908, 'I3', 'available'),
(908, 'I4', 'available'),
(909, 'A1', 'available'),
(909, 'A2', 'available'),
(909, 'A3', 'available'),
(909, 'A4', 'available'),
(909, 'B1', 'available'),
(909, 'B2', 'booked'),
(909, 'B3', 'available'),
(909, 'B4', 'available'),
(909, 'C1', 'available'),
(909, 'C2', 'available'),
(909, 'C3', 'available'),
(909, 'C4', 'available'),
(909, 'D1', 'available'),
(909, 'D2', 'available'),
(909, 'D3', 'available'),
(909, 'D4', 'available'),
(909, 'E1', 'available'),
(909, 'E2', 'available'),
(909, 'E3', 'available'),
(909, 'E4', 'available'),
(909, 'F1', 'available'),
(909, 'F2', 'available'),
(909, 'F3', 'available'),
(909, 'F4', 'available'),
(909, 'G1', 'available'),
(909, 'G2', 'available'),
(909, 'G3', 'available'),
(909, 'G4', 'available'),
(909, 'H1', 'available'),
(909, 'H2', 'available'),
(909, 'H3', 'available'),
(909, 'H4', 'available'),
(909, 'I1', 'available'),
(909, 'I2', 'available'),
(909, 'I3', 'available'),
(909, 'I4', 'available'),
(910, 'A1', 'available'),
(910, 'A2', 'available'),
(910, 'A3', 'available'),
(910, 'A4', 'available'),
(910, 'B1', 'available'),
(910, 'B2', 'available'),
(910, 'B3', 'available'),
(910, 'B4', 'available'),
(910, 'C1', 'available'),
(910, 'C2', 'available'),
(910, 'C3', 'available'),
(910, 'C4', 'available'),
(910, 'D1', 'available'),
(910, 'D2', 'available'),
(910, 'D3', 'available'),
(910, 'D4', 'available'),
(910, 'E1', 'available'),
(910, 'E2', 'available'),
(910, 'E3', 'available'),
(910, 'E4', 'available'),
(910, 'F1', 'available'),
(910, 'F2', 'available'),
(910, 'F3', 'available'),
(910, 'F4', 'available'),
(910, 'G1', 'available'),
(910, 'G2', 'available'),
(910, 'G3', 'available'),
(910, 'G4', 'available'),
(910, 'H1', 'available'),
(910, 'H2', 'available'),
(910, 'H3', 'available'),
(910, 'H4', 'available'),
(910, 'I1', 'available'),
(910, 'I2', 'available'),
(910, 'I3', 'available'),
(910, 'I4', 'available');

-- --------------------------------------------------------

--
-- Table structure for table `users`
--

CREATE TABLE `users` (
  `username` varchar(50) NOT NULL,
  `email` varchar(100) NOT NULL,
  `password` varchar(255) NOT NULL,
  `phone` char(11) NOT NULL
) ENGINE=InnoDB DEFAULT CHARSET=utf8mb4 COLLATE=utf8mb4_general_ci;

--
-- Dumping data for table `users`
--

INSERT INTO `users` (`username`, `email`, `password`, `phone`) VALUES
('shaswata.choudhury@g.bracu.ac.bd', 'slash4166@gmail.com', '$2y$10$LYduBjSDls77VmemhyqcP.RVqiJu9gzf.AzpzdhgzCBrE19LfqIb6', '01319971348'),
('Shuvro', 'shuvro@gmail.com', '$2y$10$faki9pqjqMmsPcpb7AUoGeBYprwDHn9qLp4KKwy6HFV/3xJ6cr4ta', '01916969247'),
('suvro', 'suvro@gmail.com', '$2y$10$gW3WT4nRvLSlxVm7W.K2m.O7Tcx4vTA34jORfzCH.Oq3lpapt6n3W', '22288899910'),
('test123', 'test@gmail.com', '$2y$10$Rn8UnNL9ZpePDdGgNORNUeB5UnehfCNSe027ABpILSxEuOHhZkeFe', '10099900012');

--
-- Indexes for dumped tables
--

--
-- Indexes for table `book`
--
ALTER TABLE `book`
  ADD PRIMARY KEY (`booking_id`),
  ADD KEY `username` (`username`),
  ADD KEY `coach_id` (`coach_id`,`seat_id`);

--
-- Indexes for table `bus`
--
ALTER TABLE `bus`
  ADD PRIMARY KEY (`coach_id`),
  ADD KEY `route_id` (`route_id`);

--
-- Indexes for table `routes`
--
ALTER TABLE `routes`
  ADD PRIMARY KEY (`route_id`);

--
-- Indexes for table `seats`
--
ALTER TABLE `seats`
  ADD PRIMARY KEY (`coach_id`,`seat_id`);

--
-- Indexes for table `users`
--
ALTER TABLE `users`
  ADD PRIMARY KEY (`username`),
  ADD UNIQUE KEY `email` (`email`);

--
-- AUTO_INCREMENT for dumped tables
--

--
-- AUTO_INCREMENT for table `book`
--
ALTER TABLE `book`
  MODIFY `booking_id` int(11) NOT NULL AUTO_INCREMENT, AUTO_INCREMENT=677079911;

--
-- AUTO_INCREMENT for table `routes`
--
ALTER TABLE `routes`
  MODIFY `route_id` int(11) NOT NULL AUTO_INCREMENT, AUTO_INCREMENT=401;

--
-- Constraints for dumped tables
--

--
-- Constraints for table `book`
--
ALTER TABLE `book`
  ADD CONSTRAINT `book_ibfk_1` FOREIGN KEY (`username`) REFERENCES `users` (`username`),
  ADD CONSTRAINT `book_ibfk_2` FOREIGN KEY (`coach_id`,`seat_id`) REFERENCES `seats` (`coach_id`, `seat_id`),
  ADD CONSTRAINT `book_ibfk_3` FOREIGN KEY (`coach_id`) REFERENCES `bus` (`coach_id`);

--
-- Constraints for table `bus`
--
ALTER TABLE `bus`
  ADD CONSTRAINT `bus_ibfk_1` FOREIGN KEY (`route_id`) REFERENCES `routes` (`route_id`);

--
-- Constraints for table `seats`
--
ALTER TABLE `seats`
  ADD CONSTRAINT `seats_ibfk_1` FOREIGN KEY (`coach_id`) REFERENCES `bus` (`coach_id`);
COMMIT;

/*!40101 SET CHARACTER_SET_CLIENT=@OLD_CHARACTER_SET_CLIENT */;
/*!40101 SET CHARACTER_SET_RESULTS=@OLD_CHARACTER_SET_RESULTS */;
/*!40101 SET COLLATION_CONNECTION=@OLD_COLLATION_CONNECTION */;
